frequency,raw
20.00,81.591
20.29,81.614
20.59,81.635
20.89,81.658
21.19,81.685
21.50,81.714
21.81,81.743
22.13,81.768
22.45,81.790
22.78,81.807
23.11,81.824
23.44,81.842
23.78,81.862
24.13,81.883
24.48,81.904
24.84,81.923
25.20,81.939
25.56,81.953
25.94,81.963
26.31,81.971
26.70,81.976
27.09,81.977
27.48,81.977
27.88,81.976
28.28,81.973
28.70,81.967
29.11,81.954
29.54,81.933
29.97,81.904
30.40,81.871
30.84,81.839
31.29,81.810
31.75,81.781
32.21,81.749
32.68,81.712
33.15,81.671
33.64,81.628
34.13,81.585
34.62,81.539
35.13,81.488
35.64,81.432
36.15,81.374
36.68,81.316
37.21,81.259
37.75,81.204
38.30,81.149
38.86,81.091
39.43,81.028
40.00,80.952
40.58,80.863
41.17,80.765
41.77,80.661
42.38,80.554
42.99,80.447
43.62,80.339
44.25,80.231
44.90,80.121
45.55,80.009
46.21,79.897
46.89,79.787
47.57,79.676
48.26,79.562
48.96,79.455
49.67,79.359
50.40,79.270
51.13,79.173
51.87,79.068
52.63,78.963
53.39,78.858
54.17,78.749
54.96,78.639
55.76,78.534
56.57,78.436
57.39,78.343
58.23,78.255
59.07,78.173
59.93,78.101
60.80,78.035
61.69,77.977
62.59,77.925
63.50,77.877
64.42,77.831
65.36,77.785
66.31,77.741
67.27,77.700
68.25,77.661
69.24,77.623
70.25,77.582
71.27,77.539
72.31,77.494
73.36,77.448
74.43,77.401
75.51,77.353
76.61,77.303
77.72,77.250
78.85,77.194
80.00,77.138
81.16,77.081
82.34,77.021
83.54,76.958
84.76,76.892
85.99,76.823
87.24,76.751
88.51,76.677
89.80,76.600
91.10,76.522
92.43,76.441
93.77,76.359
95.14,76.274
96.52,76.189
97.92,76.101
99.35,76.009
100.79,75.915
102.26,75.816
103.75,75.714
105.26,75.607
106.79,75.496
108.34,75.380
109.92,75.260
111.52,75.135
113.14,75.008
114.78,74.879
116.45,74.747
118.15,74.612
119.86,74.474
121.61,74.333
123.38,74.189
125.17,74.044
126.99,73.896
128.84,73.746
130.71,73.594
132.61,73.440
134.54,73.286
136.50,73.132
138.49,72.979
140.50,72.829
142.54,72.684
144.62,72.551
146.72,72.435
148.85,72.321
151.02,72.199
153.22,72.066
155.45,71.934
157.71,71.817
160.00,71.713
162.33,71.618
164.69,71.526
167.08,71.438
169.51,71.352
171.98,71.271
174.48,71.195
177.02,71.125
179.59,71.057
182.21,70.991
184.86,70.923
187.55,70.852
190.27,70.778
193.04,70.700
195.85,70.620
198.70,70.539
201.59,70.458
204.52,70.377
207.49,70.296
210.51,70.216
213.57,70.135
216.68,70.053
219.83,69.969
223.03,69.882
226.27,69.792
229.57,69.699
232.90,69.604
236.29,69.502
239.73,69.395
243.22,69.282
246.75,69.163
250.34,69.044
253.98,68.930
257.68,68.819
261.43,68.710
265.23,68.605
269.09,68.506
273.00,68.417
276.97,68.339
281.00,68.272
285.09,68.214
289.23,68.166
293.44,68.129
297.71,68.101
302.04,68.083
306.43,68.072
310.89,68.069
315.41,68.073
320.00,68.087
324.65,68.109
329.38,68.135
334.17,68.161
339.03,68.186
343.96,68.211
348.96,68.239
354.04,68.270
359.19,68.303
364.41,68.332
369.71,68.353
375.09,68.365
380.55,68.369
386.08,68.377
391.70,68.393
397.39,68.413
403.17,68.437
409.04,68.458
414.99,68.476
421.02,68.491
427.15,68.503
433.36,68.509
439.67,68.510
446.06,68.507
452.55,68.502
459.13,68.498
465.81,68.494
472.58,68.490
479.46,68.487
486.43,68.485
493.51,68.485
500.69,68.488
507.97,68.493
515.36,68.502
522.85,68.516
530.46,68.534
538.17,68.559
546.00,68.588
553.94,68.621
562.00,68.659
570.18,68.704
578.47,68.761
586.88,68.825
595.42,68.896
604.08,68.975
612.87,69.062
621.78,69.156
630.82,69.255
640.00,69.359
649.31,69.465
658.75,69.573
668.34,69.681
678.06,69.789
687.92,69.896
697.92,69.998
708.08,70.092
718.38,70.179
728.82,70.259
739.43,70.332
750.18,70.396
761.09,70.453
772.16,70.500
783.39,70.539
794.79,70.570
806.35,70.593
818.08,70.608
829.98,70.617
842.05,70.619
854.30,70.615
866.72,70.607
879.33,70.597
892.12,70.584
905.10,70.569
918.26,70.557
931.62,70.548
945.17,70.546
958.92,70.552
972.86,70.568
987.01,70.596
1001.37,70.636
1015.94,70.682
1030.71,70.727
1045.71,70.767
1060.92,70.801
1076.35,70.829
1092.00,70.847
1107.89,70.858
1124.00,70.862
1140.35,70.859
1156.94,70.845
1173.77,70.826
1190.84,70.796
1208.16,70.761
1225.73,70.713
1243.56,70.658
1261.65,70.592
1280.00,70.517
1298.62,70.429
1317.51,70.339
1336.67,70.237
1356.11,70.123
1375.84,69.985
1395.85,69.802
1416.15,69.540
1436.75,69.233
1457.65,68.873
1478.85,68.519
1500.36,68.212
1522.19,67.973
1544.33,67.769
1566.79,67.582
1589.58,67.405
1612.70,67.248
1636.16,67.119
1659.95,67.026
1684.10,66.964
1708.60,66.924
1733.45,66.895
1758.66,66.870
1784.24,66.852
1810.19,66.848
1836.52,66.863
1863.24,66.897
1890.34,66.954
1917.83,67.033
1945.73,67.139
1974.03,67.277
2002.74,67.455
2031.87,67.673
2061.43,67.931
2091.41,68.223
2121.83,68.538
2152.69,68.871
2184.01,69.215
2215.77,69.574
2248.00,69.947
2280.70,70.339
2313.87,70.748
2347.53,71.165
2381.68,71.582
2416.32,71.995
2451.46,72.388
2487.12,72.753
2523.30,73.068
2560.00,73.340
2597.24,73.575
2635.01,73.789
2673.34,73.993
2712.23,74.195
2751.68,74.386
2791.70,74.555
2832.31,74.678
2873.50,74.755
2915.30,74.793
2957.70,74.811
3000.72,74.843
3044.37,74.931
3088.65,75.106
3133.58,75.379
3179.16,75.769
3225.40,76.222
3272.31,76.655
3319.91,76.962
3368.20,77.076
3417.19,77.002
3466.89,76.787
3517.32,76.478
3568.48,76.113
3620.39,75.721
3673.05,75.329
3726.47,74.956
3780.67,74.599
3835.67,74.240
3891.46,73.859
3948.06,73.465
4005.49,73.154
4063.75,72.977
4122.86,72.871
4182.82,72.653
4243.66,72.196
4305.39,71.580
4368.01,70.978
4431.55,70.570
4496.01,70.327
4561.40,70.151
4627.75,69.926
4695.06,69.600
4763.35,69.225
4832.64,68.876
4902.93,68.671
4974.24,68.644
5046.60,68.866
5120.00,69.276
5194.47,69.840
5270.03,70.481
5346.68,71.172
5424.45,71.968
5503.35,72.974
5583.40,74.243
5664.61,75.653
5747.01,76.991
5830.60,78.083
5915.41,78.752
6001.45,78.839
6088.74,78.226
6177.30,77.196
6267.15,76.073
6358.31,75.041
6450.80,74.068
6544.62,73.053
6639.82,71.898
6736.40,70.569
6834.38,69.129
6933.79,67.727
7034.64,66.484
7136.96,65.421
7240.77,64.514
7346.09,63.812
7452.94,63.452
7561.35,63.588
7671.33,64.197
7782.91,65.202
7896.12,66.507
8010.97,68.005
8127.49,69.590
8245.71,71.148
8365.65,72.494
8487.33,73.492
8610.78,74.005
8736.03,73.935
8863.09,73.256
8992.01,71.963
9122.80,70.092
9255.50,67.702
9390.12,64.894
9526.70,61.850
9665.27,59.258
9805.86,58.198
9948.49,58.814
10093.19,59.884
10240.00,60.570
10388.94,60.717
10540.05,60.388
10693.36,59.835
10848.90,59.394
11006.70,59.534
11166.80,60.472
11329.22,62.235
11494.01,64.243
11661.20,66.066
11830.81,67.708
12002.89,69.131
12177.48,70.451
12354.61,71.548
12534.31,72.444
12716.62,73.028
12901.59,73.103
13089.25,72.892
13279.64,72.028
13472.79,70.436
13668.76,68.472
13867.58,67.123
14069.29,67.790
14273.93,70.199
14481.55,72.908
14692.19,74.746
14905.89,75.542
15122.70,75.383
15342.66,74.497
15565.83,73.134
15792.24,71.455
16021.94,69.544
16254.99,67.589
16491.42,65.972
16731.29,64.800
16974.66,63.726
17221.56,62.477
17472.05,61.199
17726.19,60.299
17984.02,59.916
18245.61,59.884
18510.99,60.068
18780.24,60.327
19053.41,60.442
19330.55,60.137
19611.72,59.249
19896.97,58.122
20186.38,57.740
