frequency,raw,smoothed,error,error_smoothed,equalization,parametric_eq,fixed_band_eq,equalized_raw,equalized_smoothed,target
20.00,5.33,5.33,1.54,1.53,-1.56,-1.48,-1.43,3.78,3.77,3.80
20.20,5.37,5.38,1.55,1.55,-1.56,-1.52,-1.47,3.81,3.82,3.83
20.40,5.42,5.43,1.57,1.57,-1.57,-1.56,-1.51,3.86,3.86,3.86
20.61,5.47,5.47,1.60,1.59,-1.58,-1.60,-1.56,3.89,3.89,3.87
20.81,5.52,5.52,1.62,1.61,-1.59,-1.64,-1.60,3.93,3.93,3.91
21.02,5.56,5.56,1.63,1.63,-1.61,-1.68,-1.65,3.95,3.95,3.94
21.23,5.59,5.60,1.65,1.65,-1.63,-1.72,-1.70,3.96,3.96,3.95
21.44,5.62,5.62,1.67,1.66,-1.66,-1.76,-1.75,3.97,3.96,3.96
21.66,5.64,5.64,1.68,1.68,-1.68,-1.80,-1.80,3.96,3.96,3.96
21.87,5.66,5.67,1.70,1.70,-1.71,-1.85,-1.85,3.96,3.96,3.97
22.09,5.70,5.70,1.73,1.73,-1.75,-1.89,-1.90,3.96,3.96,3.98
22.31,5.74,5.75,1.77,1.77,-1.79,-1.93,-1.96,3.96,3.96,3.98
22.54,5.80,5.80,1.83,1.83,-1.84,-1.97,-2.01,3.96,3.96,3.98
22.76,5.86,5.87,1.89,1.89,-1.90,-2.01,-2.07,3.97,3.97,3.97
22.99,5.93,5.93,1.97,1.97,-1.96,-2.06,-2.13,3.97,3.97,3.97
23.22,6.00,6.00,2.04,2.04,-2.02,-2.10,-2.19,3.98,3.98,3.97
23.45,6.06,6.06,2.10,2.10,-2.09,-2.14,-2.26,3.98,3.98,3.97
23.69,6.12,6.12,2.16,2.16,-2.15,-2.18,-2.32,3.98,3.98,3.97
23.92,6.17,6.17,2.21,2.21,-2.20,-2.23,-2.38,3.97,3.97,3.97
24.16,6.22,6.22,2.26,2.26,-2.26,-2.27,-2.45,3.97,3.97,3.97
24.40,6.26,6.27,2.30,2.30,-2.30,-2.31,-2.52,3.96,3.96,3.96
24.65,6.30,6.31,2.35,2.35,-2.35,-2.36,-2.58,3.95,3.96,3.96
24.89,6.35,6.35,2.40,2.39,-2.40,-2.40,-2.65,3.96,3.95,3.96
25.14,6.39,6.40,2.44,2.44,-2.45,-2.44,-2.72,3.95,3.95,3.96
25.39,6.44,6.44,2.49,2.49,-2.49,-2.49,-2.79,3.95,3.95,3.96
25.65,6.49,6.49,2.54,2.54,-2.54,-2.53,-2.86,3.95,3.95,3.96
25.91,6.54,6.54,2.60,2.59,-2.59,-2.57,-2.93,3.95,3.95,3.95
26.16,6.59,6.59,2.65,2.65,-2.64,-2.61,-3.00,3.95,3.95,3.95
26.43,6.63,6.64,2.69,2.69,-2.69,-2.66,-3.07,3.94,3.95,3.95
26.69,6.68,6.68,2.74,2.74,-2.74,-2.70,-3.14,3.94,3.94,3.95
26.96,6.72,6.72,2.78,2.78,-2.79,-2.74,-3.21,3.93,3.93,3.95
27.23,6.76,6.77,2.83,2.83,-2.84,-2.78,-3.27,3.93,3.93,3.94
27.50,6.81,6.81,2.88,2.88,-2.88,-2.83,-3.34,3.93,3.93,3.94
27.77,6.85,6.85,2.93,2.93,-2.92,-2.87,-3.40,3.93,3.93,3.93
28.05,6.89,6.89,2.97,2.97,-2.96,-2.91,-3.46,3.94,3.94,3.92
28.33,6.92,6.92,3.01,3.01,-2.99,-2.95,-3.52,3.93,3.93,3.92
28.62,6.95,6.95,3.04,3.03,-3.02,-2.99,-3.58,3.93,3.93,3.92
28.90,6.96,6.97,3.05,3.06,-3.06,-3.03,-3.63,3.91,3.91,3.92
29.19,6.99,6.99,3.09,3.08,-3.09,-3.07,-3.68,3.90,3.90,3.91
29.48,7.01,7.02,3.11,3.11,-3.13,-3.11,-3.72,3.88,3.88,3.90
29.78,7.05,7.05,3.16,3.16,-3.18,-3.15,-3.76,3.88,3.88,3.90
30.08,7.10,7.10,3.21,3.21,-3.23,-3.19,-3.80,3.87,3.87,3.90
30.38,7.16,7.17,3.28,3.28,-3.29,-3.23,-3.83,3.88,3.88,3.89
30.68,7.23,7.23,3.35,3.35,-3.34,-3.27,-3.86,3.89,3.89,3.89
30.99,7.29,7.29,3.42,3.42,-3.40,-3.31,-3.88,3.89,3.89,3.88
31.30,7.34,7.34,3.48,3.47,-3.45,-3.34,-3.90,3.89,3.89,3.87
31.61,7.38,7.38,3.52,3.52,-3.50,-3.38,-3.91,3.88,3.88,3.87
31.93,7.40,7.41,3.55,3.55,-3.54,-3.42,-3.92,3.86,3.87,3.86
32.24,7.42,7.43,3.58,3.58,-3.58,-3.45,-3.92,3.85,3.85,3.85
32.57,7.44,7.44,3.60,3.60,-3.61,-3.48,-3.92,3.83,3.83,3.85
32.89,7.46,7.46,3.63,3.63,-3.64,-3.52,-3.92,3.82,3.82,3.83
33.22,7.48,7.49,3.66,3.66,-3.68,-3.55,-3.91,3.81,3.81,3.83
33.55,7.52,7.52,3.70,3.70,-3.71,-3.58,-3.89,3.81,3.81,3.82
33.89,7.56,7.56,3.75,3.75,-3.75,-3.61,-3.88,3.82,3.81,3.82
34.23,7.59,7.60,3.79,3.79,-3.78,-3.64,-3.86,3.81,3.81,3.81
34.57,7.62,7.62,3.83,3.83,-3.81,-3.67,-3.83,3.81,3.81,3.80
34.92,7.64,7.64,3.86,3.85,-3.84,-3.70,-3.81,3.80,3.80,3.79
35.27,7.64,7.65,3.87,3.87,-3.86,-3.73,-3.78,3.78,3.78,3.78
35.62,7.64,7.64,3.88,3.88,-3.88,-3.76,-3.75,3.76,3.76,3.77
35.97,7.63,7.64,3.88,3.88,-3.89,-3.78,-3.72,3.75,3.75,3.75
36.33,7.63,7.63,3.89,3.89,-3.89,-3.81,-3.69,3.74,3.74,3.74
36.70,7.62,7.63,3.89,3.89,-3.89,-3.83,-3.66,3.73,3.74,3.74
37.06,7.61,7.61,3.89,3.89,-3.88,-3.85,-3.62,3.73,3.73,3.72
37.43,7.60,7.60,3.89,3.88,-3.88,-3.88,-3.59,3.73,3.72,3.71
37.81,7.57,7.58,3.87,3.87,-3.87,-3.90,-3.56,3.71,3.71,3.71
38.19,7.55,7.56,3.86,3.86,-3.86,-3.92,-3.53,3.69,3.70,3.70
38.57,7.53,7.53,3.85,3.85,-3.85,-3.93,-3.50,3.68,3.68,3.69
38.95,7.51,7.51,3.84,3.84,-3.85,-3.95,-3.47,3.67,3.66,3.67
39.34,7.49,7.50,3.84,3.84,-3.85,-3.97,-3.44,3.65,3.65,3.65
39.74,7.48,7.49,3.84,3.84,-3.85,-3.98,-3.41,3.63,3.64,3.65
40.14,7.49,7.49,3.86,3.85,-3.86,-3.99,-3.39,3.63,3.63,3.64
40.54,7.49,7.50,3.87,3.87,-3.87,-4.01,-3.36,3.62,3.62,3.63
40.94,7.50,7.51,3.89,3.89,-3.89,-4.02,-3.34,3.62,3.62,3.62
41.35,7.51,7.51,3.91,3.91,-3.90,-4.03,-3.32,3.61,3.61,3.61
41.76,7.52,7.52,3.93,3.93,-3.92,-4.04,-3.30,3.60,3.60,3.59
42.18,7.52,7.53,3.94,3.94,-3.94,-4.04,-3.29,3.59,3.59,3.58
42.60,7.52,7.53,3.95,3.95,-3.95,-4.05,-3.28,3.57,3.58,3.57
43.03,7.52,7.52,3.96,3.96,-3.96,-4.05,-3.27,3.56,3.56,3.57
43.46,7.51,7.51,3.97,3.97,-3.97,-4.06,-3.26,3.54,3.54,3.55
43.90,7.50,7.50,3.98,3.98,-3.98,-4.06,-3.25,3.53,3.53,3.53
44.33,7.48,7.49,3.98,3.98,-3.98,-4.06,-3.25,3.50,3.51,3.50
44.78,7.47,7.47,3.99,3.99,-3.98,-4.06,-3.25,3.49,3.49,3.49
45.23,7.45,7.45,3.99,3.98,-3.98,-4.06,-3.25,3.47,3.47,3.47
45.68,7.42,7.43,3.97,3.98,-3.98,-4.06,-3.26,3.45,3.45,3.46
46.13,7.40,7.40,3.97,3.96,-3.97,-4.05,-3.27,3.44,3.44,3.43
46.60,7.37,7.38,3.95,3.96,-3.95,-4.05,-3.28,3.42,3.42,3.43
47.06,7.35,7.35,3.95,3.95,-3.94,-4.04,-3.29,3.41,3.41,3.40
47.53,7.32,7.32,3.94,3.93,-3.92,-4.04,-3.30,3.40,3.40,3.39
48.01,7.28,7.28,3.91,3.91,-3.91,-4.03,-3.32,3.38,3.37,3.38
48.49,7.23,7.24,3.89,3.89,-3.90,-4.02,-3.34,3.34,3.34,3.35
48.97,7.19,7.19,3.88,3.88,-3.89,-4.01,-3.36,3.31,3.31,3.31
49.46,7.15,7.15,3.87,3.87,-3.88,-4.00,-3.38,3.27,3.28,3.28
49.96,7.12,7.13,3.87,3.87,-3.88,-3.99,-3.40,3.25,3.25,3.26
50.46,7.10,7.11,3.87,3.87,-3.88,-3.97,-3.43,3.22,3.23,3.24
50.96,7.09,7.09,3.88,3.88,-3.89,-3.96,-3.46,3.21,3.21,3.21
51.47,7.08,7.08,3.90,3.90,-3.89,-3.94,-3.48,3.19,3.19,3.19
51.99,7.07,7.07,3.91,3.91,-3.90,-3.93,-3.51,3.17,3.17,3.17
52.51,7.06,7.06,3.92,3.92,-3.91,-3.91,-3.54,3.15,3.15,3.15
53.03,7.04,7.05,3.92,3.92,-3.92,-3.89,-3.57,3.13,3.13,3.13
53.56,7.02,7.02,3.93,3.92,-3.92,-3.87,-3.60,3.11,3.10,3.10
54.10,6.98,6.99,3.91,3.91,-3.91,-3.85,-3.63,3.07,3.07,3.08
54.64,6.94,6.95,3.90,3.90,-3.90,-3.83,-3.66,3.05,3.05,3.05
55.18,6.90,6.90,3.88,3.88,-3.88,-3.81,-3.69,3.03,3.03,3.02
55.74,6.85,6.86,3.86,3.86,-3.85,-3.79,-3.72,3.01,3.01,3.00
56.29,6.80,6.80,3.83,3.83,-3.82,-3.77,-3.75,2.99,2.99,2.97
56.86,6.74,6.74,3.79,3.79,-3.78,-3.74,-3.77,2.96,2.96,2.96
57.42,6.67,6.67,3.75,3.75,-3.75,-3.72,-3.80,2.93,2.93,2.92
58.00,6.60,6.61,3.70,3.70,-3.71,-3.70,-3.82,2.89,2.90,2.91
58.58,6.55,6.55,3.67,3.67,-3.68,-3.67,-3.83,2.87,2.87,2.89
59.16,6.50,6.51,3.64,3.64,-3.66,-3.65,-3.85,2.84,2.85,2.86
59.76,6.47,6.47,3.63,3.63,-3.64,-3.62,-3.86,2.83,2.83,2.85
60.35,6.44,6.44,3.63,3.62,-3.63,-3.60,-3.87,2.82,2.81,2.81
60.96,6.40,6.40,3.62,3.62,-3.62,-3.57,-3.87,2.79,2.79,2.79
61.57,6.36,6.37,3.62,3.62,-3.61,-3.54,-3.88,2.76,2.76,2.75
62.18,6.32,6.32,3.61,3.61,-3.60,-3.52,-3.87,2.72,2.72,2.71
62.80,6.28,6.28,3.60,3.60,-3.59,-3.49,-3.87,2.69,2.69,2.68
63.43,6.23,6.24,3.58,3.58,-3.58,-3.46,-3.86,2.65,2.66,2.65
64.07,6.19,6.19,3.57,3.56,-3.56,-3.44,-3.84,2.63,2.63,2.63
64.71,6.14,6.14,3.54,3.54,-3.54,-3.41,-3.83,2.60,2.60,2.61
65.35,6.09,6.10,3.52,3.52,-3.52,-3.38,-3.81,2.57,2.57,2.57
66.01,6.04,6.04,3.50,3.50,-3.50,-3.35,-3.78,2.54,2.54,2.55
66.67,5.99,5.99,3.48,3.47,-3.48,-3.33,-3.75,2.52,2.51,2.52
67.33,5.93,5.93,3.45,3.45,-3.45,-3.30,-3.72,2.48,2.48,2.48
68.01,5.87,5.88,3.42,3.42,-3.42,-3.27,-3.69,2.45,2.45,2.46
68.69,5.82,5.82,3.40,3.40,-3.39,-3.24,-3.65,2.43,2.43,2.43
69.37,5.76,5.76,3.37,3.37,-3.36,-3.22,-3.62,2.40,2.40,2.39
70.07,5.70,5.70,3.34,3.34,-3.33,-3.19,-3.58,2.37,2.37,2.37
70.77,5.63,5.64,3.30,3.30,-3.30,-3.16,-3.53,2.34,2.34,2.34
71.48,5.56,5.56,3.26,3.26,-3.26,-3.14,-3.49,2.30,2.30,2.31
72.19,5.49,5.49,3.23,3.22,-3.23,-3.11,-3.45,2.26,2.26,2.26
72.91,5.41,5.42,3.18,3.18,-3.20,-3.08,-3.40,2.21,2.22,2.23
73.64,5.34,5.35,3.15,3.15,-3.17,-3.06,-3.36,2.18,2.18,2.19
74.38,5.29,5.29,3.13,3.13,-3.14,-3.03,-3.32,2.16,2.16,2.17
75.12,5.24,5.24,3.12,3.11,-3.10,-3.01,-3.27,2.14,2.13,2.12
75.87,5.17,5.18,3.08,3.08,-3.07,-2.98,-3.23,2.11,2.11,2.09
76.63,5.10,5.11,3.04,3.04,-3.02,-2.96,-3.18,2.08,2.08,2.06
77.40,5.03,5.03,3.00,2.99,-2.98,-2.93,-3.14,2.06,2.05,2.04
78.17,4.93,4.94,2.94,2.94,-2.92,-2.91,-3.10,2.01,2.01,1.99
78.95,4.84,4.84,2.88,2.87,-2.87,-2.89,-3.06,1.97,1.97,1.96
79.74,4.73,4.74,2.80,2.81,-2.82,-2.86,-3.02,1.91,1.92,1.93
80.54,4.64,4.65,2.75,2.75,-2.77,-2.84,-2.98,1.87,1.88,1.89
81.35,4.57,4.57,2.71,2.71,-2.73,-2.82,-2.95,1.84,1.84,1.87
82.16,4.51,4.51,2.69,2.68,-2.70,-2.80,-2.91,1.81,1.81,1.83
82.98,4.45,4.46,2.66,2.67,-2.67,-2.78,-2.88,1.78,1.79,1.79
83.81,4.40,4.41,2.65,2.65,-2.65,-2.76,-2.85,1.76,1.76,1.75
84.65,4.36,4.36,2.65,2.64,-2.62,-2.74,-2.82,1.74,1.74,1.72
85.50,4.30,4.30,2.62,2.62,-2.60,-2.72,-2.79,1.71,1.71,1.69
86.35,4.23,4.23,2.59,2.58,-2.57,-2.70,-2.77,1.67,1.66,1.64
87.22,4.13,4.14,2.53,2.53,-2.53,-2.69,-2.75,1.60,1.61,1.61
88.09,4.04,4.05,2.48,2.49,-2.49,-2.67,-2.73,1.55,1.56,1.57
88.97,3.97,3.97,2.45,2.45,-2.45,-2.65,-2.71,1.52,1.52,1.53
89.86,3.90,3.90,2.42,2.41,-2.41,-2.64,-2.69,1.49,1.48,1.49
90.76,3.81,3.81,2.38,2.37,-2.38,-2.62,-2.68,1.43,1.43,1.44
91.66,3.72,3.73,2.33,2.33,-2.35,-2.61,-2.66,1.38,1.38,1.39
92.58,3.64,3.65,2.30,2.30,-2.32,-2.59,-2.65,1.33,1.34,1.35
93.51,3.59,3.59,2.29,2.29,-2.29,-2.58,-2.65,1.31,1.31,1.31
94.44,3.54,3.54,2.28,2.28,-2.26,-2.57,-2.64,1.29,1.28,1.26
95.39,3.48,3.47,2.27,2.26,-2.23,-2.56,-2.63,1.25,1.24,1.22
96.34,3.39,3.39,2.23,2.22,-2.21,-2.55,-2.63,1.19,1.18,1.17
97.30,3.29,3.30,2.18,2.19,-2.19,-2.54,-2.63,1.11,1.11,1.11
98.28,3.22,3.23,2.16,2.16,-2.17,-2.53,-2.63,1.05,1.05,1.07
99.26,3.17,3.18,2.15,2.15,-2.17,-2.52,-2.63,1.01,1.01,1.03
100.25,3.14,3.14,2.17,2.17,-2.17,-2.51,-2.64,0.97,0.97,0.97
101.25,3.12,3.12,2.20,2.19,-2.20,-2.50,-2.64,0.92,0.92,0.92
102.27,3.10,3.10,2.23,2.23,-2.24,-2.49,-2.65,0.86,0.86,0.88
103.29,3.10,3.11,2.28,2.28,-2.31,-2.49,-2.66,0.80,0.80,0.83
104.32,3.13,3.14,2.35,2.36,-2.39,-2.48,-2.66,0.75,0.75,0.78
105.37,3.19,3.19,2.46,2.46,-2.47,-2.48,-2.67,0.72,0.72,0.74
106.42,3.25,3.25,2.57,2.57,-2.56,-2.47,-2.68,0.69,0.69,0.69
107.48,3.31,3.31,2.68,2.67,-2.65,-2.47,-2.69,0.67,0.66,0.63
108.56,3.34,3.34,2.76,2.76,-2.72,-2.46,-2.70,0.62,0.62,0.59
109.64,3.35,3.35,2.82,2.82,-2.79,-2.46,-2.71,0.56,0.56,0.53
110.74,3.34,3.34,2.86,2.85,-2.84,-2.46,-2.72,0.50,0.50,0.49
111.85,3.30,3.31,2.87,2.88,-2.88,-2.46,-2.73,0.43,0.43,0.44
112.97,3.26,3.26,2.89,2.89,-2.90,-2.46,-2.74,0.37,0.37,0.38
114.10,3.21,3.21,2.89,2.89,-2.90,-2.46,-2.74,0.31,0.31,0.33
115.24,3.15,3.16,2.89,2.89,-2.89,-2.46,-2.75,0.26,0.27,0.27
116.39,3.09,3.09,2.88,2.88,-2.87,-2.46,-2.75,0.22,0.22,0.22
117.55,3.02,3.02,2.87,2.86,-2.84,-2.46,-2.76,0.18,0.18,0.15
118.73,2.93,2.93,2.83,2.83,-2.81,-2.46,-2.76,0.13,0.12,0.11
119.92,2.83,2.83,2.78,2.78,-2.77,-2.46,-2.76,0.06,0.06,0.06
121.12,2.72,2.73,2.72,2.73,-2.73,-2.46,-2.76,-0.01,-0.00,0.01
122.33,2.63,2.63,2.68,2.68,-2.70,-2.47,-2.75,-0.06,-0.06,-0.04
123.55,2.55,2.55,2.65,2.64,-2.67,-2.47,-2.75,-0.11,-0.12,-0.09
124.79,2.47,2.48,2.62,2.62,-2.65,-2.47,-2.74,-0.17,-0.17,-0.14
126.03,2.42,2.43,2.62,2.62,-2.64,-2.47,-2.73,-0.21,-0.21,-0.20
127.29,2.38,2.38,2.63,2.63,-2.64,-2.48,-2.72,-0.25,-0.26,-0.25
128.57,2.34,2.34,2.65,2.64,-2.64,-2.48,-2.70,-0.30,-0.30,-0.30
129.85,2.30,2.31,2.66,2.66,-2.65,-2.49,-2.68,-0.35,-0.34,-0.36
131.15,2.26,2.26,2.67,2.67,-2.66,-2.49,-2.67,-0.39,-0.39,-0.40
132.46,2.22,2.22,2.68,2.67,-2.66,-2.49,-2.65,-0.44,-0.44,-0.46
133.79,2.16,2.17,2.66,2.66,-2.66,-2.50,-2.62,-0.50,-0.49,-0.49
135.12,2.10,2.11,2.65,2.65,-2.65,-2.50,-2.60,-0.54,-0.54,-0.55
136.48,2.04,2.04,2.63,2.63,-2.62,-2.50,-2.57,-0.58,-0.58,-0.58
137.84,1.97,1.97,2.61,2.61,-2.59,-2.51,-2.55,-0.62,-0.62,-0.63
139.22,1.89,1.89,2.58,2.57,-2.56,-2.51,-2.52,-0.66,-0.67,-0.68
140.61,1.80,1.80,2.53,2.53,-2.52,-2.51,-2.49,-0.72,-0.71,-0.72
142.02,1.71,1.71,2.47,2.47,-2.48,-2.52,-2.46,-0.77,-0.77,-0.75
143.44,1.63,1.63,2.43,2.43,-2.45,-2.52,-2.43,-0.82,-0.82,-0.79
144.87,1.55,1.56,2.39,2.40,-2.42,-2.52,-2.40,-0.87,-0.86,-0.83
146.32,1.51,1.51,2.39,2.38,-2.40,-2.52,-2.37,-0.88,-0.89,-0.87
147.78,1.47,1.47,2.38,2.38,-2.38,-2.53,-2.34,-0.91,-0.91,-0.91
149.26,1.43,1.43,2.38,2.38,-2.37,-2.53,-2.30,-0.93,-0.93,-0.94
150.75,1.38,1.39,2.37,2.37,-2.36,-2.53,-2.27,-0.97,-0.97,-0.99
152.26,1.33,1.33,2.36,2.36,-2.35,-2.53,-2.24,-1.01,-1.01,-1.02
153.78,1.28,1.28,2.35,2.35,-2.34,-2.53,-2.21,-1.06,-1.06,-1.07
155.32,1.22,1.23,2.33,2.33,-2.33,-2.52,-2.19,-1.11,-1.11,-1.10
156.88,1.17,1.17,2.32,2.32,-2.33,-2.52,-2.16,-1.15,-1.15,-1.14
158.44,1.12,1.13,2.31,2.31,-2.32,-2.52,-2.13,-1.19,-1.19,-1.19
160.03,1.08,1.08,2.31,2.31,-2.31,-2.51,-2.10,-1.23,-1.23,-1.22
161.63,1.04,1.04,2.31,2.31,-2.31,-2.51,-2.08,-1.26,-1.26,-1.26
163.24,1.00,1.00,2.31,2.31,-2.30,-2.50,-2.05,-1.30,-1.30,-1.31
164.88,0.96,0.96,2.30,2.30,-2.30,-2.50,-2.03,-1.34,-1.34,-1.33
166.53,0.92,0.92,2.30,2.30,-2.30,-2.49,-2.01,-1.37,-1.37,-1.37
168.19,0.88,0.88,2.30,2.30,-2.29,-2.48,-1.99,-1.41,-1.41,-1.41
169.87,0.83,0.84,2.29,2.29,-2.29,-2.47,-1.97,-1.45,-1.45,-1.46
171.57,0.79,0.79,2.29,2.28,-2.28,-2.46,-1.96,-1.49,-1.49,-1.49
173.29,0.74,0.75,2.27,2.27,-2.28,-2.45,-1.94,-1.53,-1.53,-1.52
175.02,0.70,0.70,2.27,2.27,-2.27,-2.43,-1.93,-1.57,-1.57,-1.56
176.77,0.66,0.66,2.27,2.27,-2.27,-2.42,-1.91,-1.61,-1.61,-1.60
178.54,0.62,0.62,2.27,2.27,-2.27,-2.41,-1.90,-1.64,-1.64,-1.64
180.32,0.58,0.58,2.27,2.27,-2.27,-2.39,-1.89,-1.68,-1.68,-1.69
182.13,0.54,0.55,2.26,2.26,-2.27,-2.37,-1.88,-1.72,-1.72,-1.71
183.95,0.51,0.51,2.27,2.26,-2.27,-2.36,-1.88,-1.75,-1.76,-1.75
185.79,0.47,0.48,2.26,2.26,-2.27,-2.34,-1.87,-1.79,-1.79,-1.78
187.65,0.44,0.44,2.27,2.27,-2.27,-2.32,-1.87,-1.82,-1.82,-1.82
189.52,0.41,0.41,2.27,2.26,-2.26,-2.30,-1.86,-1.85,-1.85,-1.85
191.42,0.37,0.37,2.26,2.26,-2.26,-2.27,-1.86,-1.88,-1.88,-1.88
193.33,0.33,0.34,2.25,2.25,-2.25,-2.25,-1.86,-1.92,-1.91,-1.91
195.27,0.29,0.29,2.24,2.24,-2.24,-2.23,-1.86,-1.94,-1.95,-1.94
197.22,0.25,0.25,2.23,2.23,-2.22,-2.20,-1.86,-1.97,-1.97,-1.97
199.19,0.20,0.21,2.21,2.21,-2.21,-2.18,-1.87,-2.00,-2.00,-2.00
201.18,0.16,0.16,2.19,2.19,-2.18,-2.15,-1.87,-2.02,-2.02,-2.02
203.19,0.11,0.12,2.16,2.16,-2.16,-2.13,-1.87,-2.05,-2.05,-2.04
205.23,0.07,0.07,2.14,2.13,-2.14,-2.10,-1.88,-2.06,-2.06,-2.06
207.28,0.02,0.03,2.10,2.11,-2.11,-2.08,-1.88,-2.08,-2.08,-2.07
209.35,-0.02,-0.02,2.08,2.08,-2.08,-2.05,-1.89,-2.10,-2.10,-2.09
211.44,-0.06,-0.06,2.06,2.05,-2.05,-2.02,-1.90,-2.11,-2.11,-2.11
213.56,-0.10,-0.09,2.03,2.03,-2.03,-1.99,-1.90,-2.12,-2.12,-2.12
215.69,-0.13,-0.13,2.00,2.00,-2.00,-1.96,-1.91,-2.13,-2.13,-2.12
217.85,-0.17,-0.16,1.97,1.97,-1.97,-1.93,-1.91,-2.14,-2.14,-2.13
220.03,-0.20,-0.20,1.95,1.95,-1.95,-1.90,-1.92,-2.15,-2.15,-2.14
222.23,-0.23,-0.22,1.93,1.93,-1.93,-1.87,-1.92,-2.15,-2.15,-2.15
224.45,-0.25,-0.25,1.91,1.91,-1.90,-1.85,-1.93,-2.15,-2.15,-2.15
226.70,-0.27,-0.27,1.89,1.89,-1.89,-1.82,-1.93,-2.15,-2.16,-2.15
228.96,-0.29,-0.28,1.87,1.87,-1.87,-1.79,-1.94,-2.16,-2.16,-2.15
231.25,-0.30,-0.29,1.85,1.85,-1.86,-1.76,-1.94,-2.16,-2.16,-2.14
233.57,-0.30,-0.30,1.85,1.85,-1.86,-1.73,-1.94,-2.15,-2.16,-2.14
235.90,-0.30,-0.29,1.85,1.85,-1.85,-1.70,-1.93,-2.15,-2.15,-2.14
238.26,-0.29,-0.28,1.85,1.85,-1.85,-1.67,-1.93,-2.13,-2.13,-2.13
240.64,-0.28,-0.28,1.85,1.85,-1.84,-1.64,-1.92,-2.12,-2.12,-2.12
243.05,-0.27,-0.27,1.85,1.84,-1.83,-1.61,-1.92,-2.10,-2.11,-2.11
245.48,-0.28,-0.28,1.83,1.83,-1.82,-1.58,-1.91,-2.10,-2.10,-2.10
247.93,-0.29,-0.28,1.81,1.81,-1.81,-1.55,-1.90,-2.09,-2.09,-2.09
250.41,-0.30,-0.30,1.79,1.79,-1.78,-1.52,-1.88,-2.08,-2.08,-2.08
252.92,-0.31,-0.31,1.76,1.76,-1.76,-1.49,-1.87,-2.06,-2.07,-2.06
255.45,-0.33,-0.33,1.72,1.72,-1.73,-1.46,-1.85,-2.05,-2.05,-2.04
258.00,-0.35,-0.34,1.69,1.69,-1.69,-1.43,-1.83,-2.04,-2.04,-2.03
260.58,-0.36,-0.36,1.66,1.65,-1.66,-1.40,-1.81,-2.02,-2.02,-2.01
263.19,-0.38,-0.37,1.62,1.62,-1.62,-1.38,-1.79,-2.00,-2.00,-1.99
265.82,-0.39,-0.38,1.59,1.59,-1.59,-1.35,-1.76,-1.98,-1.98,-1.97
268.48,-0.40,-0.40,1.56,1.56,-1.56,-1.32,-1.73,-1.95,-1.95,-1.95
271.16,-0.41,-0.41,1.53,1.53,-1.52,-1.29,-1.70,-1.93,-1.93,-1.93
273.87,-0.43,-0.42,1.49,1.49,-1.49,-1.27,-1.67,-1.92,-1.91,-1.91
276.61,-0.44,-0.44,1.46,1.46,-1.46,-1.24,-1.64,-1.89,-1.89,-1.89
279.38,-0.45,-0.45,1.43,1.42,-1.43,-1.21,-1.61,-1.87,-1.88,-1.87
282.17,-0.47,-0.46,1.39,1.39,-1.39,-1.19,-1.57,-1.86,-1.86,-1.85
284.99,-0.48,-0.48,1.36,1.36,-1.36,-1.16,-1.54,-1.84,-1.84,-1.83
287.84,-0.49,-0.49,1.33,1.33,-1.33,-1.14,-1.50,-1.82,-1.82,-1.81
290.72,-0.50,-0.50,1.30,1.30,-1.30,-1.11,-1.46,-1.79,-1.79,-1.79
293.63,-0.51,-0.51,1.27,1.26,-1.26,-1.09,-1.42,-1.77,-1.77,-1.77
296.57,-0.53,-0.53,1.23,1.23,-1.23,-1.06,-1.39,-1.75,-1.75,-1.75
299.53,-0.55,-0.54,1.19,1.19,-1.19,-1.04,-1.35,-1.73,-1.73,-1.73
302.53,-0.56,-0.56,1.16,1.15,-1.15,-1.02,-1.31,-1.70,-1.71,-1.71
305.55,-0.58,-0.58,1.11,1.11,-1.11,-0.99,-1.27,-1.68,-1.68,-1.68
308.61,-0.60,-0.59,1.07,1.07,-1.07,-0.97,-1.23,-1.67,-1.66,-1.66
311.69,-0.61,-0.61,1.03,1.02,-1.03,-0.95,-1.19,-1.64,-1.64,-1.63
314.81,-0.63,-0.62,0.98,0.99,-1.00,-0.93,-1.15,-1.62,-1.62,-1.60
317.96,-0.63,-0.63,0.96,0.96,-0.96,-0.91,-1.11,-1.59,-1.59,-1.58
321.14,-0.64,-0.63,0.93,0.93,-0.93,-0.89,-1.08,-1.57,-1.57,-1.56
324.35,-0.64,-0.64,0.91,0.91,-0.90,-0.86,-1.04,-1.54,-1.54,-1.54
327.59,-0.65,-0.65,0.88,0.88,-0.87,-0.84,-1.00,-1.52,-1.51,-1.52
330.87,-0.66,-0.65,0.85,0.85,-0.84,-0.82,-0.96,-1.49,-1.49,-1.50
334.18,-0.67,-0.67,0.82,0.81,-0.81,-0.80,-0.93,-1.47,-1.48,-1.48
337.52,-0.69,-0.69,0.78,0.78,-0.78,-0.78,-0.89,-1.46,-1.47,-1.46
340.90,-0.71,-0.70,0.74,0.74,-0.75,-0.76,-0.85,-1.46,-1.45,-1.44
344.30,-0.72,-0.71,0.71,0.71,-0.72,-0.75,-0.82,-1.44,-1.44,-1.42
347.75,-0.72,-0.72,0.69,0.69,-0.70,-0.73,-0.78,-1.42,-1.42,-1.40
351.23,-0.71,-0.71,0.68,0.68,-0.68,-0.71,-0.75,-1.39,-1.39,-1.38
354.74,-0.71,-0.70,0.66,0.66,-0.66,-0.69,-0.71,-1.37,-1.37,-1.36
358.28,-0.70,-0.70,0.66,0.65,-0.65,-0.67,-0.68,-1.34,-1.34,-1.35
361.87,-0.70,-0.70,0.64,0.64,-0.63,-0.65,-0.65,-1.33,-1.33,-1.33
365.49,-0.70,-0.70,0.62,0.62,-0.61,-0.64,-0.62,-1.31,-1.31,-1.31
369.14,-0.71,-0.71,0.60,0.60,-0.59,-0.62,-0.58,-1.30,-1.30,-1.30
372.83,-0.72,-0.72,0.57,0.57,-0.57,-0.60,-0.55,-1.29,-1.29,-1.28
376.56,-0.73,-0.73,0.55,0.55,-0.55,-0.59,-0.52,-1.28,-1.27,-1.27
380.33,-0.74,-0.74,0.52,0.52,-0.53,-0.57,-0.49,-1.26,-1.26,-1.25
384.13,-0.75,-0.75,0.50,0.50,-0.50,-0.55,-0.46,-1.25,-1.25,-1.24
387.97,-0.76,-0.76,0.48,0.48,-0.48,-0.54,-0.43,-1.24,-1.23,-1.23
391.85,-0.77,-0.76,0.46,0.46,-0.46,-0.52,-0.40,-1.22,-1.22,-1.22
395.77,-0.77,-0.77,0.44,0.44,-0.44,-0.51,-0.38,-1.20,-1.21,-1.20
399.73,-0.78,-0.78,0.42,0.42,-0.42,-0.49,-0.35,-1.19,-1.19,-1.19
403.72,-0.79,-0.78,0.40,0.40,-0.40,-0.47,-0.32,-1.19,-1.18,-1.18
407.76,-0.79,-0.79,0.39,0.39,-0.39,-0.46,-0.30,-1.17,-1.18,-1.17
411.84,-0.80,-0.80,0.37,0.37,-0.37,-0.44,-0.27,-1.17,-1.17,-1.16
415.96,-0.80,-0.80,0.36,0.36,-0.36,-0.43,-0.24,-1.16,-1.16,-1.15
420.12,-0.81,-0.80,0.34,0.34,-0.35,-0.41,-0.22,-1.15,-1.15,-1.14
424.32,-0.80,-0.80,0.34,0.34,-0.34,-0.40,-0.20,-1.13,-1.14,-1.13
428.56,-0.80,-0.80,0.33,0.33,-0.32,-0.38,-0.17,-1.12,-1.12,-1.12
432.85,-0.80,-0.80,0.32,0.32,-0.31,-0.37,-0.15,-1.11,-1.11,-1.11
437.18,-0.80,-0.80,0.31,0.30,-0.30,-0.36,-0.13,-1.09,-1.10,-1.10
441.55,-0.81,-0.80,0.28,0.29,-0.28,-0.34,-0.11,-1.09,-1.09,-1.08
445.96,-0.81,-0.81,0.27,0.27,-0.27,-0.33,-0.09,-1.08,-1.08,-1.07
450.42,-0.81,-0.81,0.26,0.25,-0.25,-0.31,-0.07,-1.06,-1.06,-1.06
454.93,-0.82,-0.81,0.23,0.24,-0.24,-0.30,-0.05,-1.06,-1.05,-1.04
459.48,-0.82,-0.82,0.22,0.22,-0.22,-0.28,-0.03,-1.04,-1.04,-1.03
464.07,-0.82,-0.81,0.21,0.21,-0.21,-0.27,-0.01,-1.03,-1.03,-1.02
468.71,-0.81,-0.81,0.20,0.20,-0.20,-0.25,0.00,-1.00,-1.01,-1.00
473.40,-0.81,-0.80,0.19,0.19,-0.19,-0.24,0.02,-0.99,-0.99,-0.99
478.13,-0.80,-0.80,0.18,0.18,-0.17,-0.22,0.03,-0.97,-0.97,-0.97
482.91,-0.80,-0.80,0.17,0.16,-0.16,-0.21,0.05,-0.96,-0.96,-0.96
487.74,-0.80,-0.80,0.15,0.15,-0.15,-0.19,0.06,-0.95,-0.95,-0.94
492.62,-0.80,-0.79,0.13,0.14,-0.14,-0.18,0.07,-0.94,-0.93,-0.92
497.55,-0.79,-0.79,0.13,0.12,-0.13,-0.16,0.08,-0.92,-0.92,-0.91
502.52,-0.78,-0.78,0.12,0.12,-0.12,-0.15,0.09,-0.90,-0.90,-0.89
507.55,-0.78,-0.77,0.11,0.11,-0.11,-0.13,0.10,-0.88,-0.88,-0.88
512.62,-0.77,-0.77,0.10,0.10,-0.09,-0.12,0.11,-0.86,-0.86,-0.86
517.75,-0.77,-0.76,0.08,0.08,-0.08,-0.10,0.11,-0.85,-0.84,-0.84
522.93,-0.76,-0.76,0.07,0.07,-0.06,-0.08,0.12,-0.82,-0.82,-0.82
528.16,-0.76,-0.76,0.06,0.05,-0.05,-0.07,0.12,-0.80,-0.80,-0.81
533.44,-0.77,-0.76,0.03,0.03,-0.03,-0.05,0.13,-0.79,-0.79,-0.79
538.77,-0.77,-0.77,0.01,0.01,-0.01,-0.03,0.13,-0.77,-0.77,-0.77
544.16,-0.78,-0.77,-0.02,-0.02,0.01,-0.02,0.13,-0.76,-0.76,-0.75
549.60,-0.78,-0.78,-0.04,-0.04,0.03,0.00,0.14,-0.75,-0.75,-0.73
555.10,-0.78,-0.77,-0.05,-0.05,0.04,0.02,0.14,-0.73,-0.73,-0.72
560.65,-0.77,-0.77,-0.06,-0.06,0.05,0.04,0.14,-0.72,-0.72,-0.70
566.25,-0.76,-0.76,-0.07,-0.07,0.06,0.06,0.14,-0.70,-0.70,-0.68
571.92,-0.75,-0.75,-0.07,-0.07,0.07,0.08,0.14,-0.68,-0.68,-0.67
577.64,-0.74,-0.73,-0.07,-0.07,0.08,0.10,0.13,-0.65,-0.65,-0.66
583.41,-0.73,-0.73,-0.08,-0.08,0.10,0.12,0.13,-0.62,-0.63,-0.64
589.25,-0.73,-0.73,-0.09,-0.10,0.13,0.14,0.13,-0.60,-0.60,-0.63
595.14,-0.76,-0.75,-0.14,-0.14,0.16,0.16,0.13,-0.59,-0.59,-0.61
601.09,-0.79,-0.79,-0.18,-0.19,0.20,0.18,0.12,-0.59,-0.59,-0.60
607.10,-0.84,-0.83,-0.25,-0.25,0.23,0.21,0.12,-0.60,-0.60,-0.58
613.17,-0.87,-0.86,-0.30,-0.29,0.26,0.23,0.12,-0.60,-0.60,-0.56
619.30,-0.87,-0.87,-0.32,-0.32,0.29,0.25,0.12,-0.58,-0.58,-0.54
625.50,-0.86,-0.85,-0.33,-0.33,0.31,0.27,0.11,-0.55,-0.55,-0.52
631.75,-0.83,-0.83,-0.31,-0.32,0.31,0.29,0.11,-0.51,-0.52,-0.51
638.07,-0.81,-0.80,-0.31,-0.31,0.31,0.31,0.10,-0.49,-0.49,-0.49
644.45,-0.78,-0.78,-0.29,-0.29,0.31,0.33,0.10,-0.47,-0.47,-0.48
650.89,-0.76,-0.76,-0.29,-0.29,0.30,0.35,0.10,-0.46,-0.46,-0.46
657.40,-0.74,-0.74,-0.28,-0.29,0.30,0.37,0.09,-0.44,-0.44,-0.45
663.98,-0.73,-0.73,-0.29,-0.29,0.30,0.38,0.09,-0.43,-0.43,-0.43
670.62,-0.73,-0.72,-0.30,-0.30,0.31,0.40,0.09,-0.42,-0.42,-0.42
677.32,-0.73,-0.73,-0.31,-0.31,0.32,0.41,0.08,-0.41,-0.41,-0.41
684.10,-0.74,-0.74,-0.33,-0.34,0.33,0.42,0.08,-0.40,-0.40,-0.40
690.94,-0.75,-0.75,-0.36,-0.36,0.35,0.43,0.07,-0.40,-0.39,-0.38
697.85,-0.76,-0.75,-0.38,-0.38,0.37,0.44,0.07,-0.39,-0.39,-0.37
704.83,-0.76,-0.76,-0.39,-0.39,0.39,0.44,0.07,-0.37,-0.37,-0.36
711.87,-0.76,-0.76,-0.40,-0.40,0.40,0.44,0.06,-0.35,-0.35,-0.35
718.99,-0.76,-0.75,-0.41,-0.41,0.42,0.44,0.06,-0.34,-0.34,-0.34
726.18,-0.75,-0.75,-0.41,-0.42,0.43,0.44,0.06,-0.32,-0.32,-0.33
733.44,-0.75,-0.75,-0.42,-0.43,0.43,0.43,0.05,-0.31,-0.32,-0.32
740.78,-0.76,-0.75,-0.45,-0.44,0.43,0.43,0.05,-0.32,-0.32,-0.30
748.19,-0.75,-0.74,-0.45,-0.45,0.43,0.42,0.05,-0.32,-0.31,-0.29
755.67,-0.73,-0.73,-0.43,-0.44,0.42,0.41,0.04,-0.30,-0.31,-0.29
763.23,-0.71,-0.70,-0.42,-0.42,0.41,0.40,0.04,-0.29,-0.29,-0.28
770.86,-0.68,-0.67,-0.40,-0.40,0.40,0.39,0.04,-0.28,-0.27,-0.27
778.57,-0.64,-0.64,-0.37,-0.38,0.38,0.37,0.03,-0.25,-0.26,-0.26
786.35,-0.62,-0.62,-0.36,-0.36,0.37,0.36,0.03,-0.25,-0.25,-0.25
794.22,-0.60,-0.59,-0.34,-0.34,0.35,0.35,0.03,-0.25,-0.24,-0.25
802.16,-0.58,-0.58,-0.33,-0.33,0.34,0.33,0.03,-0.24,-0.24,-0.24
810.18,-0.56,-0.56,-0.32,-0.32,0.32,0.32,0.02,-0.23,-0.23,-0.23
818.28,-0.55,-0.55,-0.31,-0.31,0.32,0.30,0.02,-0.23,-0.23,-0.23
826.46,-0.54,-0.54,-0.31,-0.31,0.31,0.29,0.02,-0.23,-0.23,-0.22
834.73,-0.53,-0.53,-0.30,-0.30,0.30,0.28,0.02,-0.22,-0.22,-0.22
843.08,-0.52,-0.52,-0.30,-0.30,0.29,0.26,0.02,-0.22,-0.22,-0.21
851.51,-0.51,-0.50,-0.29,-0.29,0.29,0.25,0.02,-0.22,-0.22,-0.21
860.02,-0.49,-0.49,-0.28,-0.28,0.27,0.23,0.02,-0.21,-0.21,-0.20
868.62,-0.47,-0.46,-0.26,-0.26,0.26,0.22,0.01,-0.20,-0.20,-0.20
877.31,-0.44,-0.44,-0.24,-0.24,0.24,0.20,0.01,-0.19,-0.19,-0.19
886.08,-0.41,-0.41,-0.22,-0.22,0.23,0.19,0.01,-0.18,-0.18,-0.18
894.94,-0.39,-0.38,-0.21,-0.21,0.20,0.17,0.01,-0.18,-0.18,-0.17
903.89,-0.36,-0.36,-0.18,-0.18,0.18,0.16,0.02,-0.18,-0.17,-0.17
912.93,-0.33,-0.32,-0.16,-0.16,0.16,0.14,0.02,-0.17,-0.17,-0.16
922.06,-0.29,-0.29,-0.13,-0.13,0.13,0.13,0.02,-0.15,-0.16,-0.15
931.28,-0.26,-0.26,-0.10,-0.11,0.11,0.11,0.02,-0.15,-0.15,-0.15
940.59,-0.23,-0.22,-0.08,-0.08,0.08,0.09,0.02,-0.14,-0.14,-0.14
950.00,-0.20,-0.19,-0.06,-0.06,0.06,0.08,0.03,-0.14,-0.13,-0.13
959.50,-0.16,-0.16,-0.03,-0.04,0.03,0.06,0.03,-0.12,-0.13,-0.12
969.09,-0.13,-0.12,-0.02,-0.01,0.01,0.04,0.03,-0.12,-0.11,-0.10
978.78,-0.09,-0.09,0.01,0.01,-0.01,0.02,0.04,-0.10,-0.10,-0.09
988.57,-0.05,-0.05,0.04,0.03,-0.03,0.00,0.04,-0.08,-0.08,-0.08
998.46,-0.01,-0.01,0.06,0.06,-0.05,-0.02,0.05,-0.06,-0.06,-0.06
1008.44,0.03,0.03,0.08,0.08,-0.07,-0.04,0.05,-0.04,-0.04,-0.04
1018.53,0.06,0.07,0.09,0.09,-0.09,-0.06,0.06,-0.03,-0.02,-0.02
1028.71,0.10,0.10,0.11,0.11,-0.11,-0.08,0.07,-0.00,-0.01,-0.00
1039.00,0.13,0.13,0.12,0.12,-0.12,-0.10,0.08,0.01,0.01,0.02
1049.39,0.16,0.17,0.13,0.13,-0.14,-0.12,0.09,0.03,0.03,0.04
1059.88,0.20,0.20,0.15,0.15,-0.15,-0.14,0.09,0.06,0.06,0.06
1070.48,0.24,0.24,0.16,0.16,-0.16,-0.15,0.10,0.09,0.08,0.09
1081.19,0.28,0.28,0.17,0.17,-0.17,-0.17,0.11,0.12,0.11,0.12
1092.00,0.31,0.32,0.17,0.17,-0.17,-0.18,0.13,0.14,0.14,0.15
1102.92,0.35,0.35,0.18,0.18,-0.18,-0.19,0.14,0.18,0.18,0.18
1113.95,0.39,0.39,0.19,0.18,-0.18,-0.19,0.15,0.21,0.21,0.21
1125.09,0.42,0.43,0.18,0.18,-0.18,-0.19,0.16,0.25,0.25,0.25
1136.34,0.46,0.46,0.18,0.17,-0.18,-0.19,0.17,0.29,0.29,0.29
1147.70,0.49,0.50,0.16,0.16,-0.17,-0.18,0.19,0.32,0.33,0.34
1159.18,0.53,0.53,0.16,0.16,-0.16,-0.17,0.20,0.37,0.37,0.38
1170.77,0.56,0.57,0.15,0.15,-0.15,-0.15,0.22,0.41,0.42,0.42
1182.48,0.60,0.60,0.14,0.14,-0.14,-0.14,0.23,0.47,0.47,0.47
1194.30,0.64,0.64,0.13,0.13,-0.12,-0.11,0.25,0.52,0.52,0.52
1206.25,0.67,0.67,0.11,0.11,-0.10,-0.09,0.26,0.57,0.57,0.57
1218.31,0.70,0.70,0.08,0.08,-0.09,-0.06,0.28,0.62,0.62,0.63
1230.49,0.73,0.73,0.06,0.06,-0.06,-0.03,0.29,0.67,0.67,0.68
1242.80,0.76,0.76,0.04,0.03,-0.04,0.01,0.31,0.73,0.73,0.73
1255.22,0.79,0.79,0.01,0.01,-0.01,0.04,0.33,0.79,0.79,0.79
1267.78,0.82,0.82,-0.02,-0.02,0.03,0.07,0.35,0.85,0.85,0.85
1280.45,0.85,0.85,-0.05,-0.06,0.06,0.10,0.36,0.92,0.91,0.91
1293.26,0.87,0.87,-0.10,-0.10,0.10,0.14,0.38,0.97,0.98,0.98
1306.19,0.89,0.90,-0.14,-0.14,0.14,0.17,0.40,1.03,1.04,1.04
1319.25,0.92,0.92,-0.18,-0.19,0.18,0.20,0.42,1.11,1.10,1.11
1332.45,0.94,0.95,-0.23,-0.23,0.22,0.23,0.44,1.17,1.17,1.18
1345.77,0.97,0.98,-0.27,-0.27,0.27,0.26,0.46,1.24,1.24,1.25
1359.23,1.01,1.01,-0.30,-0.31,0.31,0.29,0.48,1.32,1.32,1.32
1372.82,1.04,1.05,-0.35,-0.35,0.34,0.32,0.50,1.39,1.39,1.40
1386.55,1.08,1.08,-0.38,-0.38,0.38,0.35,0.52,1.46,1.46,1.47
1400.41,1.12,1.13,-0.41,-0.41,0.41,0.38,0.55,1.53,1.54,1.54
1414.42,1.17,1.17,-0.43,-0.44,0.44,0.40,0.57,1.61,1.61,1.61
1428.56,1.21,1.22,-0.47,-0.47,0.46,0.43,0.59,1.68,1.68,1.69
1442.85,1.26,1.26,-0.49,-0.49,0.48,0.46,0.62,1.75,1.75,1.76
1457.28,1.31,1.32,-0.51,-0.51,0.50,0.48,0.64,1.82,1.82,1.83
1471.85,1.37,1.37,-0.52,-0.52,0.52,0.51,0.66,1.90,1.90,1.90
1486.57,1.43,1.43,-0.53,-0.54,0.54,0.53,0.69,1.98,1.97,1.97
1501.43,1.49,1.49,-0.55,-0.55,0.56,0.55,0.71,2.05,2.05,2.05
1516.45,1.55,1.56,-0.58,-0.57,0.58,0.58,0.74,2.13,2.14,2.14
1531.61,1.62,1.62,-0.59,-0.60,0.60,0.60,0.77,2.22,2.22,2.22
1546.93,1.68,1.68,-0.62,-0.62,0.62,0.62,0.79,2.30,2.30,2.31
1562.40,1.75,1.75,-0.64,-0.64,0.64,0.65,0.82,2.39,2.39,2.40
1578.02,1.81,1.82,-0.67,-0.66,0.66,0.67,0.85,2.47,2.48,2.49
1593.80,1.89,1.89,-0.67,-0.68,0.68,0.69,0.87,2.57,2.57,2.57
1609.74,1.96,1.97,-0.70,-0.70,0.70,0.72,0.90,2.66,2.66,2.67
1625.84,2.04,2.05,-0.72,-0.72,0.72,0.74,0.93,2.76,2.76,2.77
1642.10,2.13,2.13,-0.73,-0.74,0.74,0.77,0.95,2.87,2.87,2.87
1658.52,2.21,2.21,-0.76,-0.76,0.76,0.79,0.98,2.98,2.98,2.98
1675.10,2.29,2.29,-0.78,-0.78,0.79,0.82,1.01,3.08,3.08,3.08
1691.85,2.36,2.36,-0.81,-0.81,0.82,0.84,1.03,3.18,3.18,3.18
1708.77,2.43,2.44,-0.85,-0.85,0.85,0.87,1.06,3.29,3.29,3.29
1725.86,2.50,2.51,-0.89,-0.89,0.89,0.90,1.09,3.39,3.39,3.40
1743.12,2.58,2.58,-0.93,-0.93,0.92,0.93,1.11,3.51,3.50,3.52
1760.55,2.65,2.66,-0.97,-0.97,0.96,0.96,1.14,3.62,3.62,3.63
1778.15,2.73,2.73,-1.01,-1.01,1.00,0.99,1.16,3.74,3.74,3.75
1795.94,2.81,2.81,-1.04,-1.04,1.04,1.02,1.18,3.86,3.86,3.86
1813.90,2.89,2.89,-1.08,-1.08,1.09,1.06,1.21,3.98,3.98,3.98
1832.03,2.97,2.97,-1.12,-1.13,1.13,1.10,1.23,4.11,4.11,4.10
1850.36,3.04,3.04,-1.18,-1.18,1.18,1.14,1.24,4.23,4.23,4.23
1868.86,3.11,3.11,-1.23,-1.23,1.23,1.19,1.26,4.35,4.34,4.35
1887.55,3.17,3.18,-1.29,-1.29,1.29,1.24,1.28,4.46,4.46,4.47
1906.42,3.24,3.24,-1.34,-1.34,1.34,1.29,1.29,4.59,4.59,4.59
1925.49,3.31,3.32,-1.40,-1.40,1.40,1.35,1.31,4.71,4.71,4.72
1944.74,3.39,3.39,-1.45,-1.45,1.45,1.41,1.32,4.84,4.84,4.85
1964.19,3.47,3.47,-1.50,-1.50,1.50,1.48,1.33,4.98,4.97,4.98
1983.83,3.54,3.54,-1.55,-1.55,1.55,1.54,1.33,5.10,5.10,5.10
2003.67,3.61,3.61,-1.61,-1.60,1.60,1.61,1.34,5.22,5.22,5.23
2023.71,3.68,3.68,-1.64,-1.64,1.65,1.68,1.34,5.33,5.33,5.33
2043.94,3.75,3.75,-1.68,-1.68,1.69,1.74,1.35,5.44,5.44,5.44
2064.38,3.82,3.82,-1.72,-1.72,1.73,1.79,1.35,5.55,5.55,5.55
2085.03,3.88,3.89,-1.76,-1.76,1.76,1.82,1.34,5.65,5.65,5.65
2105.88,3.96,3.96,-1.79,-1.79,1.79,1.84,1.34,5.75,5.75,5.76
2126.94,4.04,4.05,-1.81,-1.81,1.81,1.84,1.33,5.85,5.85,5.86
2148.20,4.14,4.14,-1.82,-1.82,1.81,1.83,1.33,5.95,5.95,5.97
2169.69,4.25,4.25,-1.81,-1.81,1.80,1.79,1.32,6.06,6.06,6.07
2191.38,4.37,4.38,-1.79,-1.79,1.78,1.74,1.31,6.16,6.16,6.17
2213.30,4.51,4.51,-1.75,-1.76,1.75,1.68,1.30,6.26,6.26,6.27
2235.43,4.66,4.66,-1.71,-1.71,1.70,1.62,1.29,6.37,6.37,6.38
2257.78,4.82,4.83,-1.65,-1.65,1.65,1.55,1.27,6.47,6.47,6.48
2280.36,4.99,4.99,-1.57,-1.57,1.58,1.49,1.26,6.57,6.57,6.57
2303.17,5.17,5.17,-1.49,-1.50,1.50,1.42,1.24,6.67,6.67,6.67
2326.20,5.34,5.35,-1.42,-1.42,1.42,1.36,1.23,6.76,6.76,6.77
2349.46,5.52,5.52,-1.34,-1.34,1.33,1.30,1.21,6.85,6.85,6.87
2372.95,5.70,5.70,-1.24,-1.24,1.23,1.24,1.20,6.94,6.94,6.95
2396.68,5.87,5.88,-1.15,-1.15,1.14,1.18,1.18,7.02,7.02,7.03
2420.65,6.04,6.04,-1.05,-1.05,1.06,1.13,1.17,7.10,7.10,7.10
2444.86,6.20,6.20,-0.97,-0.97,0.98,1.07,1.15,7.19,7.19,7.18
2469.31,6.35,6.35,-0.89,-0.90,0.91,1.02,1.14,7.27,7.26,7.25
2494.00,6.48,6.48,-0.84,-0.84,0.85,0.98,1.12,7.34,7.34,7.33
2518.94,6.59,6.59,-0.80,-0.80,0.81,0.93,1.10,7.40,7.40,7.40
2544.13,6.68,6.69,-0.77,-0.77,0.77,0.89,1.09,7.46,7.46,7.46
2569.57,6.76,6.77,-0.75,-0.75,0.75,0.86,1.08,7.52,7.52,7.52
2595.27,6.84,6.84,-0.74,-0.74,0.74,0.83,1.06,7.58,7.58,7.59
2621.22,6.90,6.91,-0.74,-0.74,0.74,0.81,1.05,7.64,7.64,7.65
2647.43,6.96,6.96,-0.74,-0.74,0.74,0.80,1.04,7.71,7.71,7.71
2673.90,7.01,7.01,-0.75,-0.75,0.75,0.79,1.02,7.77,7.76,7.77
2700.64,7.05,7.06,-0.76,-0.76,0.77,0.80,1.01,7.82,7.82,7.82
2727.65,7.09,7.09,-0.78,-0.78,0.78,0.81,1.00,7.87,7.87,7.88
2754.93,7.12,7.12,-0.80,-0.80,0.80,0.83,0.99,7.92,7.92,7.93
2782.48,7.15,7.16,-0.82,-0.82,0.81,0.85,0.98,7.97,7.97,7.98
2810.30,7.18,7.18,-0.84,-0.84,0.83,0.88,0.97,8.01,8.01,8.03
2838.40,7.21,7.21,-0.85,-0.85,0.85,0.91,0.97,8.06,8.06,8.07
2866.79,7.23,7.24,-0.86,-0.86,0.86,0.93,0.96,8.10,8.10,8.10
2895.46,7.25,7.26,-0.88,-0.88,0.88,0.96,0.95,8.14,8.14,8.14
2924.41,7.27,7.27,-0.89,-0.89,0.90,0.99,0.95,8.18,8.18,8.17
2953.65,7.28,7.28,-0.91,-0.91,0.92,1.01,0.94,8.21,8.21,8.20
2983.19,7.29,7.29,-0.94,-0.94,0.95,1.04,0.94,8.24,8.24,8.24
3013.02,7.29,7.30,-0.97,-0.97,0.97,1.06,0.94,8.26,8.26,8.27
3043.15,7.30,7.31,-1.00,-1.00,0.99,1.07,0.93,8.29,8.29,8.31
3073.58,7.32,7.32,-1.01,-1.02,1.00,1.09,0.93,8.33,8.33,8.34
3104.32,7.34,7.34,-1.03,-1.03,1.02,1.11,0.93,8.36,8.36,8.38
3135.36,7.36,7.37,-1.04,-1.04,1.03,1.12,0.93,8.40,8.40,8.41
3166.72,7.38,7.38,-1.05,-1.05,1.05,1.13,0.93,8.43,8.43,8.44
3198.38,7.39,7.39,-1.05,-1.06,1.06,1.14,0.93,8.46,8.46,8.45
3230.37,7.39,7.40,-1.07,-1.07,1.08,1.15,0.94,8.47,8.48,8.47
3262.67,7.39,7.39,-1.08,-1.09,1.10,1.16,0.94,8.49,8.49,8.48
3295.30,7.37,7.38,-1.12,-1.12,1.12,1.16,0.94,8.50,8.50,8.50
3328.25,7.35,7.36,-1.15,-1.15,1.15,1.17,0.95,8.50,8.50,8.51
3361.53,7.33,7.33,-1.18,-1.18,1.18,1.17,0.95,8.51,8.51,8.52
3395.15,7.30,7.30,-1.21,-1.21,1.21,1.17,0.96,8.51,8.51,8.52
3429.10,7.27,7.28,-1.24,-1.24,1.24,1.17,0.96,8.51,8.51,8.52
3463.39,7.24,7.24,-1.26,-1.27,1.27,1.18,0.97,8.51,8.51,8.51
3498.03,7.21,7.21,-1.29,-1.30,1.30,1.18,0.97,8.51,8.51,8.51
3533.01,7.17,7.17,-1.33,-1.33,1.32,1.18,0.98,8.50,8.50,8.51
3568.34,7.13,7.14,-1.36,-1.35,1.35,1.18,0.99,8.48,8.49,8.50
3604.02,7.09,7.09,-1.37,-1.38,1.37,1.17,1.00,8.47,8.47,8.47
3640.06,7.05,7.05,-1.39,-1.39,1.40,1.17,1.00,8.45,8.45,8.45
3676.46,7.00,7.01,-1.42,-1.42,1.42,1.17,1.01,8.42,8.43,8.43
3713.22,6.96,6.96,-1.43,-1.44,1.44,1.17,1.02,8.40,8.40,8.40
3750.36,6.91,6.91,-1.46,-1.46,1.45,1.17,1.03,8.37,8.37,8.38
3787.86,6.86,6.86,-1.47,-1.47,1.47,1.16,1.03,8.34,8.34,8.34
3825.74,6.81,6.81,-1.48,-1.49,1.49,1.16,1.04,8.30,8.30,8.30
3864.00,6.75,6.76,-1.50,-1.50,1.50,1.16,1.05,8.26,8.26,8.26
3902.64,6.70,6.70,-1.51,-1.52,1.52,1.15,1.06,8.22,8.22,8.22
3941.66,6.65,6.65,-1.53,-1.53,1.53,1.15,1.07,8.18,8.18,8.19
3981.08,6.60,6.60,-1.54,-1.54,1.53,1.15,1.07,8.14,8.14,8.15
4020.89,6.55,6.55,-1.54,-1.54,1.54,1.14,1.08,8.09,8.09,8.10
4061.10,6.49,6.50,-1.54,-1.54,1.54,1.14,1.09,8.03,8.04,8.04
4101.71,6.44,6.44,-1.53,-1.54,1.54,1.13,1.10,7.98,7.98,7.98
4142.73,6.39,6.39,-1.53,-1.53,1.54,1.13,1.11,7.93,7.92,7.93
4184.15,6.33,6.34,-1.53,-1.53,1.53,1.13,1.11,7.86,7.87,7.87
4226.00,6.28,6.28,-1.52,-1.52,1.52,1.12,1.12,7.80,7.80,7.81
4268.26,6.23,6.23,-1.51,-1.51,1.51,1.12,1.13,7.74,7.74,7.75
4310.94,6.17,6.17,-1.49,-1.49,1.50,1.12,1.14,7.67,7.67,7.67
4354.05,6.11,6.11,-1.47,-1.48,1.48,1.11,1.15,7.59,7.59,7.59
4397.59,6.05,6.05,-1.46,-1.46,1.46,1.11,1.16,7.51,7.51,7.52
4441.56,5.99,6.00,-1.44,-1.44,1.43,1.11,1.17,7.43,7.43,7.44
4485.98,5.94,5.95,-1.41,-1.41,1.40,1.10,1.18,7.35,7.35,7.36
4530.84,5.90,5.90,-1.37,-1.37,1.37,1.10,1.19,7.27,7.27,7.28
4576.15,5.85,5.86,-1.33,-1.33,1.33,1.10,1.20,7.19,7.19,7.19
4621.91,5.81,5.81,-1.29,-1.29,1.29,1.10,1.21,7.10,7.10,7.11
4668.13,5.77,5.77,-1.24,-1.24,1.24,1.10,1.22,7.02,7.02,7.02
4714.81,5.73,5.74,-1.19,-1.19,1.19,1.09,1.24,6.92,6.93,6.93
4761.96,5.70,5.70,-1.14,-1.14,1.13,1.09,1.25,6.84,6.83,6.85
4809.58,5.66,5.67,-1.08,-1.08,1.07,1.09,1.27,6.74,6.74,6.75
4857.67,5.63,5.63,-1.02,-1.02,1.01,1.09,1.28,6.65,6.65,6.66
4906.25,5.59,5.60,-0.97,-0.96,0.96,1.10,1.30,6.55,6.56,6.57
4955.31,5.56,5.56,-0.90,-0.91,0.91,1.10,1.32,6.47,6.47,6.47
5004.87,5.52,5.52,-0.85,-0.85,0.87,1.10,1.34,6.39,6.39,6.38
5054.91,5.47,5.47,-0.82,-0.82,0.84,1.10,1.36,6.31,6.31,6.30
5105.46,5.41,5.41,-0.80,-0.81,0.82,1.10,1.38,6.23,6.23,6.22
5156.52,5.33,5.34,-0.81,-0.81,0.81,1.11,1.40,6.15,6.15,6.15
5208.08,5.24,5.24,-0.82,-0.82,0.83,1.11,1.43,6.07,6.07,6.07
5260.16,5.13,5.13,-0.85,-0.85,0.85,1.12,1.46,5.99,5.99,5.99
5312.77,5.01,5.01,-0.89,-0.89,0.89,1.12,1.48,5.91,5.91,5.91
5365.89,4.88,4.88,-0.94,-0.94,0.94,1.13,1.51,5.83,5.83,5.83
5419.55,4.74,4.75,-1.00,-1.00,1.00,1.14,1.55,5.74,5.75,5.75
5473.75,4.60,4.61,-1.07,-1.06,1.06,1.15,1.58,5.66,5.67,5.68
5528.49,4.46,4.47,-1.13,-1.13,1.12,1.16,1.61,5.59,5.59,5.60
5583.77,4.32,4.33,-1.19,-1.19,1.19,1.17,1.65,5.52,5.52,5.52
5639.61,4.19,4.20,-1.26,-1.25,1.26,1.18,1.69,5.45,5.46,5.46
5696.00,4.06,4.07,-1.32,-1.32,1.33,1.19,1.73,5.39,5.40,5.39
5752.96,3.93,3.95,-1.39,-1.38,1.39,1.21,1.77,5.32,5.33,5.33
5810.49,3.81,3.83,-1.45,-1.44,1.44,1.22,1.82,5.25,5.27,5.27
5868.60,3.70,3.72,-1.50,-1.49,1.48,1.24,1.86,5.18,5.20,5.21
5927.28,3.60,3.62,-1.54,-1.52,1.50,1.26,1.91,5.11,5.13,5.15
5986.56,3.51,3.54,-1.56,-1.54,1.52,1.28,1.96,5.03,5.06,5.08
6046.42,3.43,3.47,-1.56,-1.53,1.51,1.30,2.02,4.95,4.98,5.00
6106.89,3.37,3.41,-1.53,-1.50,1.49,1.33,2.07,4.87,4.90,4.91
6167.96,3.31,3.36,-1.50,-1.47,1.47,1.35,2.13,4.78,4.82,4.82
6229.64,3.27,3.31,-1.45,-1.42,1.43,1.38,2.19,4.70,4.74,4.73
6291.93,3.23,3.28,-1.40,-1.37,1.38,1.41,2.25,4.62,4.66,4.64
6354.85,3.21,3.25,-1.34,-1.32,1.33,1.44,2.31,4.55,4.58,4.56
6418.40,3.19,3.21,-1.28,-1.28,1.28,1.48,2.38,4.47,4.49,4.48
6482.58,3.18,3.18,-1.22,-1.24,1.22,1.52,2.44,4.41,4.40,4.41
6547.41,3.19,3.14,-1.13,-1.20,1.16,1.56,2.51,4.36,4.30,4.33
6612.88,3.22,3.11,-1.02,-1.15,1.12,1.60,2.58,4.34,4.22,4.25
6679.01,3.31,3.08,-0.85,-1.10,1.08,1.65,2.65,4.40,4.16,4.17
6745.80,3.45,3.04,-0.63,-1.05,1.07,1.70,2.72,4.53,4.11,4.09
6813.26,3.61,2.96,-0.38,-1.04,1.09,1.76,2.79,4.70,4.05,4.00
6881.39,3.76,2.83,-0.13,-1.08,1.14,1.81,2.86,4.90,3.97,3.90
6950.21,3.88,2.63,0.08,-1.18,1.22,1.88,2.94,5.11,3.85,3.81
7019.71,3.99,2.38,0.28,-1.32,1.34,1.94,3.01,5.34,3.72,3.72
7089.91,4.11,2.10,0.49,-1.50,1.50,2.02,3.07,5.61,3.60,3.63
7160.81,4.25,1.80,0.73,-1.70,1.68,2.09,3.14,5.93,3.47,3.53
7232.41,4.41,1.48,1.00,-1.90,1.88,2.18,3.21,6.29,3.36,3.42
7304.74,4.61,1.16,1.31,-2.11,2.09,2.26,3.27,6.71,3.25,3.31
7377.79,4.83,0.83,1.64,-2.32,2.31,2.36,3.33,7.14,3.14,3.20
7451.56,5.07,0.50,1.99,-2.53,2.52,2.46,3.38,7.60,3.03,3.09
7526.08,5.33,0.18,2.36,-2.74,2.73,2.57,3.43,8.07,2.91,2.98
7601.34,5.58,-0.14,2.71,-2.94,2.94,2.68,3.47,8.52,2.79,2.88
7677.35,5.80,-0.46,3.03,-3.14,3.13,2.80,3.50,8.94,2.67,2.78
7754.13,6.00,-0.77,3.33,-3.33,3.32,2.92,3.53,9.33,2.55,2.68
7831.67,6.07,-1.07,3.50,-3.50,3.50,3.06,3.55,9.57,2.43,2.58
7909.98,6.07,-1.36,3.60,-3.67,3.66,3.20,3.57,9.74,2.30,2.48
7989.08,5.95,-1.63,3.58,-3.82,3.81,3.34,3.57,9.77,2.18,2.38
8068.98,5.63,-1.89,3.37,-3.95,3.95,3.49,3.57,9.58,2.05,2.27
8149.67,5.20,-2.14,3.05,-4.07,4.07,3.65,3.55,9.27,1.93,2.16
8231.16,4.61,-2.37,2.58,-4.17,4.17,3.80,3.53,8.79,1.80,2.04
8313.47,3.84,-2.59,1.92,-4.26,4.26,3.95,3.49,8.11,1.68,1.93
8396.61,2.99,-2.79,1.18,-4.34,4.34,4.11,3.46,7.33,1.55,1.82
8480.57,2.02,-2.98,0.32,-4.40,4.40,4.25,3.41,6.43,1.42,1.71
8565.38,0.99,-3.16,-0.58,-4.46,4.46,4.39,3.36,5.45,1.30,1.58
8651.03,-0.07,-3.32,-1.51,-4.50,4.50,4.51,3.29,4.43,1.17,1.45
8737.54,-1.13,-3.48,-2.44,-4.53,4.53,4.62,3.23,3.40,1.05,1.32
8824.92,-2.21,-3.63,-3.39,-4.55,4.55,4.70,3.16,2.34,0.92,1.19
8913.17,-3.29,-3.77,-4.34,-4.56,4.57,4.77,3.08,1.28,0.80,1.06
9002.30,-4.39,-3.90,-5.32,-4.57,4.57,4.79,3.00,0.19,0.68,0.94
9092.32,-5.47,-4.02,-6.25,-4.57,4.58,4.80,2.92,-0.89,0.56,0.79
9183.25,-6.53,-4.14,-7.16,-4.57,4.58,4.76,2.83,-1.95,0.44,0.64
9275.08,-7.56,-4.25,-8.04,-4.57,4.57,4.71,2.75,-2.98,0.32,0.49
9367.83,-8.57,-4.35,-8.91,-4.55,4.56,4.61,2.66,-4.01,0.21,0.35
9461.51,-9.54,-4.45,-9.73,-4.54,4.53,4.51,2.57,-5.00,0.09,0.20
9556.12,-10.49,-4.54,-10.52,-4.51,4.50,4.37,2.48,-5.99,-0.04,0.04
9651.68,-11.40,-4.62,-11.25,-4.48,4.46,4.22,2.40,-6.94,-0.16,-0.14
9748.20,-12.29,-4.68,-11.97,-4.43,4.41,4.04,2.31,-7.88,-0.27,-0.31
9845.68,-13.13,-4.72,-12.63,-4.37,4.36,3.87,2.22,-8.77,-0.36,-0.49
9944.14,-13.91,-4.74,-13.24,-4.29,4.31,3.68,2.14,-9.60,-0.43,-0.66
10043.58,-14.64,-4.75,-13.80,-4.20,4.25,3.50,2.06,-10.38,-0.50,-0.83
10144.02,-15.31,-4.89,-14.30,-4.18,4.20,3.31,1.98,-11.10,-0.69,-1.00
10245.46,-15.86,-5.04,-14.68,-4.15,4.15,3.12,1.90,-11.70,-0.88,-1.17
10347.91,-16.32,-5.18,-14.97,-4.12,4.11,2.95,1.83,-12.21,-1.07,-1.34
10451.39,-16.66,-5.32,-15.14,-4.08,4.07,2.77,1.75,-12.59,-1.25,-1.51
10555.91,-16.79,-5.46,-15.10,-4.04,4.03,2.61,1.69,-12.76,-1.43,-1.68
10661.46,-16.75,-5.60,-14.88,-4.00,3.99,2.44,1.62,-12.75,-1.61,-1.86
10768.08,-16.54,-5.74,-14.47,-3.95,3.95,2.30,1.55,-12.58,-1.78,-2.06
10875.76,-16.10,-5.88,-13.84,-3.90,3.90,2.15,1.49,-12.19,-1.97,-2.25
10984.52,-15.48,-6.01,-13.02,-3.85,3.85,2.02,1.43,-11.62,-2.16,-2.45
11094.36,-14.76,-6.15,-12.10,-3.80,3.80,1.89,1.37,-10.96,-2.35,-2.65
11205.31,-13.91,-6.28,-11.06,-3.74,3.74,1.77,1.32,-10.17,-2.54,-2.84
11317.36,-12.95,-6.42,-9.88,-3.68,3.68,1.66,1.27,-9.27,-2.74,-3.06
11430.53,-11.97,-6.55,-8.68,-3.61,3.61,1.55,1.22,-8.36,-2.94,-3.28
11544.84,-10.95,-6.68,-7.45,-3.54,3.54,1.45,1.17,-7.41,-3.14,-3.49
11660.29,-9.91,-6.81,-6.19,-3.47,3.47,1.36,1.13,-6.44,-3.34,-3.71
11776.89,-8.89,-6.94,-4.95,-3.39,3.39,1.27,1.09,-5.49,-3.55,-3.93
11894.66,-7.95,-7.07,-3.82,-3.31,3.31,1.20,1.05,-4.63,-3.75,-4.12
12013.60,-7.03,-7.20,-2.70,-3.23,3.23,1.12,1.01,-3.80,-3.96,-4.32
12133.74,-6.21,-7.32,-1.69,-3.15,3.15,1.05,0.98,-3.06,-4.18,-4.51
12255.08,-5.55,-7.45,-0.84,-3.06,3.06,0.98,0.94,-2.49,-4.39,-4.70
12377.63,-5.00,-7.57,-0.10,-2.96,2.96,0.92,0.91,-2.03,-4.61,-4.89
12501.41,-4.59,-7.70,0.50,-2.87,2.87,0.86,0.88,-1.72,-4.83,-5.08
12626.42,-4.38,-7.82,0.90,-2.77,2.77,0.81,0.86,-1.61,-5.05,-5.27
12752.68,-4.30,-7.94,1.17,-2.67,2.67,0.76,0.83,-1.63,-5.27,-5.46
12880.21,-4.40,-8.06,1.26,-2.56,2.56,0.71,0.81,-1.84,-5.50,-5.65
13009.01,-4.57,-8.18,1.28,-2.45,2.45,0.66,0.79,-2.12,-5.73,-5.84
13139.10,-4.73,-8.30,1.31,-2.34,2.34,0.62,0.78,-2.39,-5.96,-6.03
13270.49,-5.00,-8.42,1.22,-2.22,2.22,0.58,0.76,-2.77,-6.20,-6.21
13403.20,-5.29,-8.53,1.08,-2.10,2.10,0.55,0.75,-3.18,-6.43,-6.36
13537.23,-5.57,-8.65,0.96,-1.98,1.98,0.51,0.74,-3.59,-6.67,-6.52
13672.60,-5.84,-8.76,0.85,-1.85,1.85,0.48,0.73,-3.98,-6.91,-6.68
13809.33,-6.08,-8.88,0.77,-1.72,1.72,0.45,0.72,-4.35,-7.15,-6.84
13947.42,-6.25,-8.99,0.76,-1.59,1.59,0.42,0.72,-4.66,-7.40,-7.00
14086.90,-6.32,-9.10,0.84,-1.45,1.45,0.39,0.72,-4.86,-7.65,-7.15
14227.77,-6.32,-9.21,0.97,-1.31,1.31,0.36,0.72,-5.00,-7.90,-7.28
14370.04,-6.19,-9.32,1.24,-1.17,1.17,0.34,0.72,-5.01,-8.15,-7.42
14513.74,-5.92,-9.43,1.65,-1.03,1.03,0.32,0.73,-4.89,-8.41,-7.56
14658.88,-5.45,-9.54,2.25,-0.88,0.88,0.29,0.74,-4.57,-8.66,-7.69
14805.47,-4.92,-9.65,2.92,-0.72,0.72,0.27,0.75,-4.19,-8.92,-7.83
14953.52,-4.32,-9.75,3.66,-0.57,0.57,0.25,0.76,-3.75,-9.18,-7.97
15103.06,-3.78,-9.86,4.37,-0.41,0.41,0.23,0.77,-3.37,-9.45,-8.14
15254.09,-3.27,-9.96,5.06,-0.24,0.24,0.22,0.79,-3.02,-9.72,-8.32
15406.63,-2.99,-10.06,5.52,-0.08,0.08,0.20,0.80,-2.91,-9.99,-8.50
15560.70,-2.83,-10.16,5.87,0.09,-0.09,0.18,0.80,-2.92,-10.26,-8.69
15716.30,-2.85,-10.27,6.03,0.27,-0.27,0.17,0.81,-3.11,-10.53,-8.87
15873.47,-3.08,-10.37,5.98,0.44,-0.44,0.15,0.80,-3.52,-10.81,-9.05
16032.20,-3.40,-10.46,5.87,0.62,-0.62,0.14,0.79,-4.02,-11.09,-9.26
16192.52,-3.85,-10.56,5.71,0.81,-0.81,0.13,0.78,-4.65,-11.37,-9.55
16354.45,-4.37,-10.66,5.48,0.99,-0.99,0.12,0.75,-5.36,-11.65,-9.84
16517.99,-4.93,-10.76,5.21,1.18,-1.18,0.10,0.71,-6.11,-11.94,-10.13
16683.17,-5.58,-10.85,4.85,1.38,-1.38,0.09,0.67,-6.95,-12.23,-10.42
16850.01,-6.27,-10.94,4.45,1.57,-1.57,0.08,0.63,-7.84,-12.52,-10.71
17018.51,-7.00,-11.04,4.03,1.77,-1.77,0.07,0.58,-8.77,-12.81,-11.02
17188.69,-7.78,-11.13,3.73,1.98,-1.98,0.06,0.52,-9.75,-13.10,-11.50
17360.58,-8.58,-11.22,3.40,2.18,-2.18,0.05,0.47,-10.76,-13.40,-11.97
17534.18,-9.38,-11.31,3.08,2.39,-2.39,0.05,0.42,-11.77,-13.70,-12.45
17709.53,-10.16,-11.40,2.77,2.61,-2.61,0.04,0.38,-12.76,-14.00,-12.92
17886.62,-10.91,-11.49,2.50,2.82,-2.82,0.03,0.33,-13.73,-14.31,-13.40
18065.49,-11.64,-11.57,2.34,3.04,-3.04,0.02,0.29,-14.68,-14.62,-13.97
18246.14,-12.35,-11.66,2.37,3.27,-3.27,0.02,0.25,-15.61,-14.93,-14.71
18428.60,-13.10,-11.74,2.36,3.49,-3.49,0.01,0.22,-16.59,-15.24,-15.45
18612.89,-13.93,-11.83,2.28,3.72,-3.72,0.00,0.19,-17.65,-15.55,-16.20
18799.02,-14.87,-11.91,2.08,3.96,-3.96,-0.00,0.17,-18.82,-15.87,-16.94
18987.01,-15.99,-11.99,1.70,4.19,-4.19,-0.01,0.14,-20.18,-16.19,-17.68
19176.88,-17.55,-12.07,1.18,4.43,-4.43,-0.01,0.12,-21.98,-16.51,-18.72
19368.65,-19.53,-12.16,0.27,4.68,-4.68,-0.02,0.10,-24.20,-16.83,-19.79
19562.33,-21.88,-12.23,-1.02,4.93,-4.93,-0.02,0.08,-26.80,-17.16,-20.85
19757.96,-24.54,-12.31,-2.61,5.18,-5.18,-0.02,0.07,-29.71,-17.49,-21.92
19955.54,-26.80,-12.39,-3.81,5.43,-5.43,-0.03,0.05,-32.23,-17.82,-22.98
